edc_id,x,y
edc_0,4737.0947265625,5782.55615234375
edc_1,3571.6591796875,2615.609375
edc_2,3054.6044921875,8039.0107421875
