edc_id,x,y,name
edc_0,3955.8218269155714,2083.532083331824,Hospital Carlos III
edc_2,1892.445036009741,6077.134119529777,Hospital Clínico San Carlos
edc_5,5714.291428394051,6672.4333192996655,Hospital Universitario de  La Princesa
